tt0000005	1	nm0443482	actor	\N	["Blacksmith"]
tt0000005	2	nm0653042	actor	\N	["Assistant"]
tt0000007	1	nm0179163	actor	\N	\N
tt0000007	2	nm0183947	actor	\N	\N
tt0000008	1	nm0653028	actor	\N	["Sneezing Man"]
tt0000009	2	nm0183823	actor	\N	["Mr. Hamilton"]
tt0000009	3	nm1309758	actor	\N	["Chauncey Depew - the Director of the New York Central Railroad"]
tt0000011	1	nm3692297	actor	\N	["Acrobats"]
tt0000014	1	nm0166380	actor	\N	["The Gardener"]
tt0000014	2	nm0244989	actor	\N	["The Boy"]
tt0000017	1	nm3691272	actor	\N	["The boy"]
tt0000018	1	nm3692071	actor	\N	["The Boxer"]
tt0000026	1	nm2350007	actor	\N	["Valet"]
tt0000026	2	nm0525907	actor	\N	["Man playing cards, seated on the left"]
tt0000026	3	nm1151424	actor	\N	["Man playing cards, seated on the right"]
tt0000026	4	nm2354154	actor	\N	["Man playing cards, seated in the middle"]
tt0000036	1	nm0420198	actor	\N	["Rip Van Winkle"]
tt0000063	1	nm0617588	actor	\N	["Georges Méliès"]
tt0000064	1	nm0617588	actor	\N	["Lightening Sketch Artist"]
tt0000065	1	nm0617588	actor	\N	["Lightening Sketch Artist"]
tt0000066	1	nm0617588	actor	\N	["Lightening Sketch Artist"]
tt0000070	1	nm0525908	actor	\N	\N
tt0000075	2	nm0617588	actor	\N	["Magician"]
tt0000076	1	nm0420198	actor	\N	["Rip Van Winkle"]
tt0000091	2	nm6170115	actor	\N	["Mephistopheles"]
tt0000091	3	nm0617588	actor	\N	["Mephistopheles"]
tt0000108	1	nm0420198	actor	\N	["Rip Van Winkle"]
tt0000109	1	nm0420198	actor	\N	["Rip Van Winkle"]
tt0000110	1	nm0420198	actor	\N	["Rip Van Winkle"]
tt0000111	1	nm0420198	actor	\N	["Rip Van Winkle"]
tt0000112	1	nm0420198	actor	\N	["Rip Van Winkle"]
tt0000113	1	nm0420198	actor	\N	["Rip Van Winkle"]
tt0000121	1	nm0832461	actor	\N	["The Soldier"]
tt0000131	1	nm0617588	actor	\N	["L'homme qui essaie de dormir"]
tt0000132	2	nm0577734	actor	\N	["Un joueur de cartes"]
tt0000132	3	nm0617588	actor	\N	["Un joueur de cartes"]
tt0000138	1	nm0617588	actor	\N	["Inn Guest"]
tt0000142	1	nm0168621	actor	\N	\N
tt0000152	1	nm0617588	actor	\N	\N
tt0000165	1	nm0024876	actor	\N	\N
tt0000165	2	nm0278321	actor	\N	\N
tt0000165	3	nm0005717	actor	\N	\N
tt0000165	4	nm0556371	actor	\N	\N
tt0000165	6	nm0563758	actor	\N	\N
tt0000172	2	nm0338379	actor	\N	["Professor"]
tt0000174	1	nm0841389	actor	\N	["Sausage Vendor"]
tt0000174	2	nm1024447	actor	\N	["Sticker"]
tt0000177	1	nm0085865	actor	\N	["The Burglar"]
tt0000190	1	nm0841389	actor	\N	["Old Philanderer"]
tt0000190	2	nm1024447	actor	\N	["Man with Broom"]
tt0000210	1	nm0617588	actor	\N	\N
tt0000211	2	nm0617588	actor	\N	["L'astronome"]
tt0000214	1	nm0085865	actor	\N	["Hand that tears down the Spanish flag"]
tt0000215	1	nm0841389	actor	\N	\N
tt0000218	1	nm0617588	actor	\N	["Fernand Labori"]
tt0000230	3	nm1778224	actor	\N	["Prince Charming"]
tt0000230	7	nm1778292	actor	\N	["Party Guest"]
tt0000234	2	nm0617588	actor	\N	["Tomb Digger"]
tt0000235	2	nm0617588	actor	\N	["The Devil"]
tt0000242	1	nm0617588	actor	\N	["The Devil"]
tt0000246	1	nm0617588	actor	\N	["Magician"]
tt0000247	1	nm0002504	actor	\N	["King John"]
tt0000247	2	nm0784327	actor	\N	["Prince Henry"]
tt0000247	3	nm2259742	actor	\N	["Arthur"]
tt0000247	4	nm0924893	actor	\N	["Earl of Pembroke"]
tt0000248	2	nm0808310	actor	\N	["Husband"]
tt0000261	1	nm0617588	actor	\N	["The Sleeping Man"]
tt0000264	1	nm0617588	actor	\N	["L'illusioniste"]
tt0000265	1	nm0335788	actor	\N	["Chimmie Hicks"]
tt0000273	1	nm1040375	actor	\N	["The Officer"]
tt0000273	2	nm1894886	actor	\N	["The Missionary"]
tt0000279	1	nm0168621	actor	\N	\N
tt0000280	1	nm0168621	actor	\N	\N
tt0000281	1	nm0168621	actor	\N	\N
tt0000300	1	nm0085865	actor	\N	["Chalk-Talk Artist"]
tt0000304	1	nm2940072	actor	\N	["Willy - the little grandson"]
tt0000306	2	nm0536252	actor	\N	["Laertes"]
tt0000307	1	nm0085865	actor	\N	["Happy Hooligan"]
tt0000308	2	nm2940072	actor	\N	["Little brother"]
tt0000309	2	nm0378408	actor	\N	["Driver"]
tt0000310	1	nm0335788	actor	\N	["Chimmie Hicks"]
tt0000313	2	nm0338379	actor	\N	["Man"]
tt0000318	1	nm13155558	actor	\N	\N
tt0000318	2	nm0804433	actor	\N	["Koechin"]
tt0000319	1	nm1272063	actor	\N	\N
tt0000319	2	nm1272675	actor	\N	\N
tt0000335	2	nm1012612	actor	\N	\N
tt0000335	3	nm1011210	actor	\N	\N
tt0000335	4	nm1012621	actor	\N	\N
tt0000335	7	nm0675239	actor	\N	["Lion"]
tt0000335	8	nm0675260	actor	\N	["Lion"]
tt0000340	1	nm0542567	actor	\N	["Uncle Josh"]
tt0000341	1	nm0542567	actor	\N	["Uncle Josh"]
tt0000347	1	nm0168621	actor	\N	\N
tt0000358	1	nm0509806	actor	\N	\N
tt0000358	2	nm1778194	actor	\N	\N
tt0000358	3	nm0954087	actor	\N	\N
tt0000359	1	nm0617588	actor	\N	["The Chemist","The India Rubber Head"]
tt0000370	1	nm8709803	actor	\N	["Ebenezer Scrooge"]
tt0000376	10	nm0466448	actor	\N	\N
tt0000381	1	nm0168621	actor	\N	\N
tt0000387	1	nm5394591	actor	\N	["Attendant Bearing King Edward's Sword"]
tt0000399	1	nm0924920	actor	\N	["Farmer"]
tt0000399	2	nm0925513	actor	\N	["Jack"]
tt0000402	1	nm0338379	actor	\N	\N
tt0000413	1	nm0617588	actor	\N	["The Blonde Miser","Thief"]
tt0000414	1	nm0542567	actor	\N	["Uncle Josh"]
tt0000417	1	nm0617588	actor	\N	["Prof. Barbenfouillis","The Moon"]
tt0000417	2	nm0029244	actor	\N	["Astronomer - Nostradamus"]
tt0000417	4	nm1215996	actor	\N	["Astronomer- Alcofrisbas"]
tt0000420	2	nm0378408	actor	\N	["Frog"]
tt0000420	3	nm1012587	actor	\N	["Large Dog"]
tt0000420	4	nm0265714	actor	\N	["Card"]
tt0000421	1	nm0954087	actor	\N	\N
tt0000422	1	nm0954087	actor	\N	["Traveler"]
tt0000423	1	nm0617588	actor	\N	\N
tt0000425	1	nm0168621	actor	\N	\N
tt0000426	1	nm0168621	actor	\N	\N
tt0000430	1	nm10102653	actor	\N	["Chess Player"]
tt0000432	1	nm0954087	actor	\N	\N
tt0000439	10	nm0302368	actor	\N	["Little Boy"]
tt0000439	1	nm0001908	actor	\N	["Bandit","Shot Passenger","Tenderfoot Dancer"]
tt0000439	2	nm0007625	actor	\N	["Sheriff"]
tt0000439	3	nm0055607	actor	\N	\N
tt0000439	4	nm0055661	actor	\N	["Bandit Who Fires at Camera"]
tt0000439	8	nm0131750	actor	\N	["Sheriff"]
tt0000439	9	nm2313241	actor	\N	["Fourth Bandit"]
tt0000440	1	nm0617588	actor	\N	["Musketeer"]
tt0000442	2	nm1854449	actor	\N	\N
tt0000444	1	nm0954087	actor	\N	["Magician"]
tt0000447	1	nm0692105	actor	\N	["Policeman"]
tt0000447	3	nm0924475	actor	\N	["The Fireman"]
tt0000447	4	nm0924920	actor	\N	["Fire Chief"]
tt0000452	1	nm0001908	actor	\N	["Messenger Boy"]
tt0000455	1	nm0617588	actor	\N	["The Melomaniac"]
tt0000464	1	nm0420198	actor	\N	["Rip Van Winkle"]
tt0000465	1	nm0617588	actor	\N	["Prince Bel-Azor"]
tt0000465	4	nm0214243	actor	\N	["Role"]
tt0000465	6	nm0243651	actor	\N	["Extra"]
tt0000472	1	nm10342565	actor	\N	["Arthur Shelby"]
tt0000472	2	nm0002615	actor	\N	["Simon Legree"]
tt0000475	1	nm3345408	actor	\N	\N
tt0000477	1	nm5121267	actor	\N	\N
tt0000477	2	nm5121475	actor	\N	\N
tt0000477	3	nm1597962	actor	\N	\N
tt0000480	1	nm0617588	actor	\N	\N
tt0000486	1	nm0659947	actor	\N	["Monsieur Beaucaire"]
tt0000486	2	nm1173635	actor	\N	\N
tt0000486	4	nm0085865	actor	\N	\N
tt0000488	10	nm0177886	actor	\N	["The Minister"]
tt0000488	1	nm0298300	actor	\N	["Joe, the Newsboy"]
tt0000488	3	nm0250480	actor	\N	["Manager of the Fresh Air Fund"]
tt0000498	1	nm1012587	actor	\N	["Rover the dog"]
tt0000498	4	nm0378408	actor	\N	["Harassed father"]
tt0000498	8	nm0809910	actor	\N	["Soldier"]
tt0000499	1	nm0617588	actor	\N	["Mabouloff"]
tt0000501	1	nm0001908	actor	\N	["Sherlock Holmes"]
tt0000501	2	nm1173635	actor	\N	["John H. Watson, M.D."]
tt0000501	3	nm0659947	actor	\N	["Bandit"]
tt0000501	4	nm0792727	actor	\N	["Bandit"]
tt0000502	1	nm0215752	actor	\N	\N
tt0000502	2	nm0252720	actor	\N	\N
tt0000505	1	nm0214243	actor	\N	\N
tt0000505	2	nm0340020	actor	\N	\N
tt0000505	3	nm0537222	actor	\N	\N
tt0000505	4	nm0097918	actor	\N	\N
tt0000509	1	nm0214243	actor	\N	\N
tt0000511	2	nm0903455	actor	\N	["Quasimodo"]
tt0000514	1	nm0016071	actor	\N	\N
tt0000514	2	nm0602663	actor	\N	\N
tt0000514	3	nm0661362	actor	\N	\N
tt0000514	4	nm0684029	actor	\N	\N
tt0000514	6	nm0722712	actor	\N	\N
tt0000514	7	nm0813578	actor	\N	\N
tt0000514	8	nm0896066	actor	\N	\N
tt0000516	1	nm0159015	actor	\N	["Bertrand"]
tt0000518	1	nm0140054	actor	\N	\N
tt0000519	2	nm1670497	actor	\N	["Store Detective"]
tt0000519	4	nm1670913	actor	\N	["Superintendant, Department Store"]
tt0000519	7	nm0728289	actor	\N	["Police Court Judge"]
tt0000520	1	nm0353575	actor	\N	["Charles Peace"]
tt0000520	4	nm2331275	actor	\N	["Dyson"]
tt0000520	6	nm2329944	actor	\N	["First policeman"]
tt0000520	7	nm2485827	actor	\N	["Second policeman"]
tt0000520	8	nm4749111	actor	\N	["Third policeman"]
tt0000525	1	nm0358349	actor	\N	["Joe - le cow-boy"]
tt0000525	2	nm0595321	actor	\N	\N
tt0000525	4	nm0719480	actor	\N	\N
tt0000525	6	nm0357890	actor	\N	\N
tt0000525	7	nm0014656	actor	\N	\N
tt0000528	1	nm0792727	actor	\N	["Raffles"]
tt0000531	1	nm0140054	actor	\N	\N
tt0000535	2	nm0488932	actor	\N	["Anarkisten"]
tt0000541	2	nm0023121	actor	\N	\N
tt0000541	3	nm0676941	actor	\N	\N
tt0000541	4	nm0488932	actor	\N	\N
tt0000542	2	nm0602663	actor	\N	\N
tt0000542	3	nm0896066	actor	\N	\N
tt0000542	4	nm1050849	actor	\N	\N
tt0000546	1	nm0106151	actor	\N	["The Rarebit Fiend"]
tt0000548	1	nm0488932	actor	\N	["Fisker"]
tt0000548	3	nm0526168	actor	\N	\N
tt0000549	1	nm0676941	actor	\N	["Petersen"]
tt0000553	1	nm0659947	actor	\N	\N
tt0000553	2	nm0710362	actor	\N	\N
tt0000554	1	nm0085865	actor	\N	["Cartoonist"]
tt0000555	2	nm0488932	actor	\N	["Den unge mand"]
tt0000555	3	nm0526168	actor	\N	["Pigens far"]
tt0000556	2	nm0488932	actor	\N	["Boyfriend"]
tt0000556	3	nm0676941	actor	\N	["Seducer"]
tt0000557	10	nm0166633	actor	\N	\N
tt0000557	2	nm2014119	actor	\N	["Terence O'Moore"]
tt0000557	3	nm1669708	actor	\N	["Captain Clearfield"]
tt0000557	4	nm1670010	actor	\N	["Dugan"]
tt0000557	7	nm1675211	actor	\N	["David O'Connor"]
tt0000557	8	nm1669846	actor	\N	["Father O'Cassidy"]
tt0000557	9	nm1670421	actor	\N	["Danny O'Lavey"]
tt0000559	1	nm0380965	actor	\N	\N
tt0000559	2	nm4824625	actor	\N	\N
tt0000566	1	nm4824599	actor	\N	["Professor"]
tt0000566	2	nm0380965	actor	\N	\N
tt0000566	3	nm4824625	actor	\N	\N
tt0000566	4	nm1845806	actor	\N	\N
tt0000567	1	nm0617588	actor	\N	["Satan"]
tt0000573	1	nm0526168	actor	\N	\N
tt0000573	2	nm0676941	actor	\N	\N
tt0000574	2	nm0846894	actor	\N	["School Master"]
tt0000574	3	nm1431224	actor	\N	["Joe Byrne"]
tt0000574	4	nm3002376	actor	\N	["Steve Hart"]
tt0000575	1	nm9335353	actor	\N	["Ives, the Fisherman"]
tt0000575	2	nm0617588	actor	\N	\N
tt0000577	1	nm0488932	actor	\N	\N
tt0000577	2	nm0526168	actor	\N	\N
tt0000578	1	nm0878035	actor	\N	["The Hobo"]
tt0000579	1	nm0001908	actor	\N	\N
tt0000581	1	nm0092290	actor	\N	\N
tt0000582	2	nm0604384	actor	\N	\N
tt0000582	3	nm0366586	actor	\N	["Messala"]
tt0000582	4	nm0745457	actor	\N	["Ben Hur"]
tt0000583	10	nm0676941	actor	\N	["Gustave"]
tt0000583	1	nm0022607	actor	\N	\N
tt0000583	3	nm0488932	actor	\N	["Armand Duval"]
tt0000583	4	nm0526168	actor	\N	["Armand Duvals fader"]
tt0000583	9	nm0647719	actor	\N	["En kavaler"]
tt0000586	1	nm0878494	actor	\N	["Mark Twain"]
tt0000588	2	nm0488932	actor	\N	["Prinsen"]
tt0000588	3	nm0526168	actor	\N	["Kasper Røghat"]
tt0000588	6	nm0676941	actor	\N	["Kongen"]
tt0000590	1	nm0366008	actor	\N	["Boy at Door"]
tt0000590	2	nm0642722	actor	\N	["Female Assistant"]
tt0000591	1	nm0906197	actor	\N	\N
tt0000591	2	nm0332182	actor	\N	\N
tt0000594	1	nm0488932	actor	\N	\N
tt0000594	2	nm0526168	actor	\N	\N
tt0000594	4	nm2160063	actor	\N	\N
tt0000595	1	nm0488932	actor	\N	["Frier"]
tt0000595	2	nm0526168	actor	\N	["Kongen"]
tt0000595	4	nm0676941	actor	\N	\N
tt0000595	6	nm0727622	actor	\N	["Frier"]
tt0000596	2	nm0488932	actor	\N	["Soldat"]
tt0000596	3	nm0526168	actor	\N	\N
tt0000596	4	nm0676941	actor	\N	["Tjener"]
tt0000596	7	nm2160063	actor	\N	["Tjener"]
tt0000598	1	nm0617588	actor	\N	["Hamlet"]
tt0000599	1	nm0333175	actor	\N	["Jæger"]
tt0000599	2	nm0488932	actor	\N	["Jæger"]
tt0000599	3	nm0647763	actor	\N	["Jæger"]
tt0000601	2	nm1917268	actor	\N	["Lohengrin"]
tt0000601	3	nm0691994	actor	\N	\N
tt0000602	1	nm0333175	actor	\N	\N
tt0000602	2	nm0488932	actor	\N	["Løvejæger"]
tt0000602	3	nm0525876	actor	\N	["Løvejæger"]
tt0000602	4	nm4572288	actor	\N	["Black Bearer"]
tt0000603	1	nm0085865	actor	\N	\N
tt0000605	1	nm0676941	actor	\N	\N
tt0000606	2	nm0366008	actor	\N	["Messenger"]
tt0000606	3	nm0642722	actor	\N	["Waiter"]
tt0000607	1	nm0422930	actor	\N	\N
tt0000608	1	nm0380965	actor	\N	\N
tt0000609	1	nm0215516	actor	\N	["Othello"]
tt0000609	3	nm0143333	actor	\N	["Iago"]
tt0000610	1	nm0691994	actor	\N	["Othello"]
tt0000611	10	nm0502752	actor	\N	\N
tt0000611	1	nm0098376	actor	\N	\N
tt0000611	3	nm0764346	actor	\N	\N
tt0000611	8	nm0599781	actor	\N	\N
tt0000611	9	nm1320386	actor	\N	\N
tt0000613	2	nm0495051	actor	\N	["Casal Fugitivo"]
tt0000613	3	nm0272889	actor	\N	["Policia Salalidade"]
tt0000613	4	nm1728086	actor	\N	\N
tt0000613	7	nm1726962	actor	\N	\N
tt0000613	8	nm1209346	actor	\N	\N
tt0000615	1	nm3071427	actor	\N	["Warrigal"]
tt0000615	2	nm0581353	actor	\N	["Warder"]
tt0000615	3	nm0888988	actor	\N	["Inspector of Police"]
tt0000615	4	nm0240418	actor	\N	["Trooper"]
tt0000615	8	nm0346387	actor	\N	["Curate"]
tt0000617	1	nm0676941	actor	\N	["Roever, cowboy"]
tt0000617	3	nm0488932	actor	\N	\N
tt0000618	1	nm0453315	actor	\N	["Salapolttaja"]
tt0000618	2	nm0700930	actor	\N	["Junkkari"]
tt0000618	3	nm0706854	actor	\N	["Salapolttaja"]
tt0000618	4	nm0712213	actor	\N	["Nimismiehen apulainen"]
tt0000620	1	nm0488932	actor	\N	\N
tt0000621	1	nm2140812	actor	\N	["Uncle"]
tt0000622	2	nm0347565	actor	\N	\N
tt0000622	4	nm0422930	actor	\N	\N
tt0000626	1	nm0642722	actor	\N	["Ole"]
tt0000627	1	nm0226992	actor	\N	["Husband"]
tt0000627	2	nm0000428	actor	\N	["Lover"]
tt0000627	3	nm0642722	actor	\N	["Wedding Guest"]
tt0000627	4	nm0813603	actor	\N	["Wedding Guest"]
tt0000628	1	nm0424530	actor	\N	["Father"]
tt0000628	4	nm0409390	actor	\N	["Gypsy"]
tt0000629	1	nm0409390	actor	\N	["John Davis"]
tt0000629	3	nm0813603	actor	\N	["Tom Foster"]
tt0000632	1	nm0038260	actor	\N	\N
tt0000632	2	nm0140054	actor	\N	\N
tt0000632	8	nm0651029	actor	\N	\N
tt0000632	9	nm0802955	actor	\N	\N
tt0000634	10	nm0659947	actor	\N	["Lieutenant to Octavius Caesar"]
tt0000634	1	nm0007221	actor	\N	["Marc Antony"]
tt0000634	3	nm0710362	actor	\N	["Octavius Caesar"]
tt0000634	4	nm0152323	actor	\N	["Mark Anthony"]
tt0000634	9	nm0680887	actor	\N	["Octavius Caesar"]
tt0000637	1	nm0494039	actor	\N	["Henri III"]
tt0000637	2	nm0483056	actor	\N	["Le duc de Guise"]
tt0000638	3	nm0226992	actor	\N	["Manager"]
tt0000638	4	nm0000428	actor	\N	["Suitor"]
tt0000638	8	nm0366008	actor	\N	["Messenger"]
tt0000638	9	nm0409390	actor	\N	["Singer"]
tt0000639	1	nm0000428	actor	\N	["Husband"]
tt0000639	3	nm0226992	actor	\N	["Extra"]
tt0000639	4	nm0366008	actor	\N	["Extra"]
tt0000640	1	nm0311375	actor	\N	["Matteo Rettazzi","Policeman"]
tt0000640	3	nm0813603	actor	\N	["Judge Mowbray"]
tt0000641	3	nm0311375	actor	\N	\N
tt0000641	4	nm0000428	actor	\N	\N
tt0000641	6	nm0366008	actor	\N	\N
tt0000641	7	nm0424530	actor	\N	\N
tt0000641	8	nm0784407	actor	\N	\N
tt0000641	9	nm0813603	actor	\N	\N
tt0000642	1	nm0409390	actor	\N	["Bandit Leader"]
tt0000642	4	nm0813603	actor	\N	["Police Sergeant"]
tt0000642	7	nm0424530	actor	\N	\N
tt0000643	3	nm0930504	actor	\N	\N
tt0000644	10	nm0784407	actor	\N	["Backstage Man"]
tt0000644	4	nm0311375	actor	\N	["Member of Audience","Backstage Man"]
tt0000644	7	nm0366008	actor	\N	["Messenger"]
tt0000644	8	nm0409390	actor	\N	["Manager"]
tt0000644	9	nm0629589	actor	\N	["The Doctor"]
tt0000645	10	nm0784407	actor	\N	["The Butler"]
tt0000645	2	nm0813603	actor	\N	["Mr. Wharton"]
tt0000645	9	nm0311375	actor	\N	["The Palmister"]
tt0000647	1	nm1458507	actor	\N	\N
tt0000647	2	nm1459190	actor	\N	\N
tt0000648	1	nm0226992	actor	\N	["Mike"]
tt0000648	2	nm0311375	actor	\N	["The Black Viper"]
tt0000648	3	nm0000428	actor	\N	["Rescuer"]
tt0000648	4	nm0642722	actor	\N	["Gang Member"]
tt0000648	8	nm0784407	actor	\N	["Rescuer"]
tt0000649	1	nm0226992	actor	\N	["Father"]
tt0000649	2	nm0366008	actor	\N	["Son"]
tt0000650	1	nm0644728	actor	\N	\N
tt0000650	2	nm0697944	actor	\N	\N
tt0000651	1	nm0366008	actor	\N	["Swifty"]
tt0000651	2	nm0226992	actor	\N	["Villain"]
tt0000653	10	nm0642722	actor	\N	\N
tt0000653	1	nm0813603	actor	\N	["Frank"]
tt0000653	3	nm0409390	actor	\N	["Jennie's Father"]
tt0000653	4	nm0311375	actor	\N	["Bill - a Thief"]
tt0000653	8	nm0173994	actor	\N	\N
tt0000653	9	nm0366008	actor	\N	["Bellboy"]
tt0000654	1	nm0409390	actor	\N	["George Redfeather"]
tt0000654	2	nm0813603	actor	\N	["Lieutenant Penrose"]
tt0000654	4	nm0311375	actor	\N	["Indian Agent","Indian"]
tt0000654	7	nm0173994	actor	\N	["Chinese Servant"]
tt0000654	8	nm0331049	actor	\N	\N
tt0000654	9	nm0424530	actor	\N	["Party Guest","Indian"]
tt0000655	1	nm0097743	actor	\N	\N
tt0000655	3	nm0201558	actor	\N	\N
tt0000655	4	nm0346933	actor	\N	\N
tt0000655	6	nm0554499	actor	\N	\N
tt0000655	7	nm0699710	actor	\N	\N
tt0000655	8	nm0802955	actor	\N	\N
tt0000655	9	nm0900293	actor	\N	\N
tt0000659	1	nm0000428	actor	\N	["Paddy - the Policeman"]
tt0000659	2	nm0226992	actor	\N	["Rent Collector"]
tt0000660	3	nm0409390	actor	\N	["Mike McLaren"]
tt0000660	4	nm0173994	actor	\N	\N
tt0000660	8	nm0311375	actor	\N	["One of Mike's Assistants"]
tt0000660	9	nm0424530	actor	\N	["One of Mike's Assistants"]
tt0000661	1	nm0617588	actor	\N	["Druid","Judge in the Spanish Inquisition"]
tt0000662	1	nm0226992	actor	\N	["A Classmate"]
tt0000662	3	nm0000428	actor	\N	["Extra"]
tt0000663	10	nm0784407	actor	\N	["Dinner Guest","Policeman"]
tt0000663	3	nm0173994	actor	\N	\N
tt0000663	4	nm0311375	actor	\N	["Waiter"]
tt0000663	7	nm0366008	actor	\N	["Man on Street"]
tt0000663	8	nm0424530	actor	\N	["Dinner Guest","Moneylender"]
tt0000664	1	nm0086982	actor	\N	\N
tt0000664	2	nm0198154	actor	\N	\N
tt0000664	3	nm0549760	actor	\N	\N
tt0000664	4	nm0687752	actor	\N	\N
tt0000665	10	nm0784407	actor	\N	["The Waiter","A Policeman"]
tt0000665	1	nm0424530	actor	\N	["Mr. Brown"]
tt0000665	3	nm0813603	actor	\N	["Mr. Wells"]
tt0000665	7	nm0311375	actor	\N	["Dinner Guest"]
tt0000665	8	nm0366008	actor	\N	["Valet"]
tt0000668	1	nm0098376	actor	\N	["Edmond Dantes"]
tt0000668	2	nm0091767	actor	\N	\N
tt0000669	2	nm1866776	actor	\N	\N
tt0000669	4	nm1670497	actor	\N	\N
tt0000669	8	nm0000428	actor	\N	["Extra at Ball"]
tt0000670	1	nm0140054	actor	\N	\N
tt0000670	2	nm0872279	actor	\N	\N
tt0000672	1	nm0813603	actor	\N	["Harold Thornton"]
tt0000672	3	nm0311375	actor	\N	["The Devil"]
tt0000672	4	nm0424530	actor	\N	["The Wife's Companion"]
tt0000672	8	nm0784407	actor	\N	["The Waiter"]
tt0000673	1	nm0140054	actor	\N	\N
tt0000673	2	nm0302647	actor	\N	["Lázaro"]
tt0000673	3	nm0422930	actor	\N	["Melchor"]
tt0000673	4	nm0802950	actor	\N	\N
tt0000673	7	nm0802955	actor	\N	\N
tt0000673	8	nm0900293	actor	\N	\N
tt0000674	1	nm0735618	actor	\N	["Don Juan Tenorio"]
tt0000676	1	nm0097421	actor	\N	\N
tt0000676	2	nm0140054	actor	\N	\N
tt0000677	1	nm0007221	actor	\N	\N
tt0000677	2	nm0644728	actor	\N	\N
tt0000677	3	nm0697944	actor	\N	\N
tt0000679	1	nm0000875	actor	\N	["The Wizard of Oz Man"]
tt0000679	2	nm0122665	actor	\N	["His Majesty the Scarecrow","Para Bruin - the Rubber Bear"]
tt0000679	3	nm0933446	actor	\N	["Nick Chopper - Tin Woodman","The White Rabbit"]
tt0000679	4	nm2924919	actor	\N	["Tik-Tok - the Machine Man"]
tt0000680	1	nm0226992	actor	\N	["Inventor"]
tt0000680	2	nm0000428	actor	\N	["Cop in Court"]
tt0000681	1	nm0813603	actor	\N	["Prison Guard"]
tt0000681	2	nm0000428	actor	\N	["Prisoner"]
tt0000681	3	nm0642722	actor	\N	["Prisoner"]
tt0000683	1	nm0311375	actor	\N	["Hendricks"]
tt0000683	2	nm0813603	actor	\N	["Pong Lee"]
tt0000683	8	nm0331049	actor	\N	\N
tt0000684	1	nm0784407	actor	\N	["Bill Wilkins"]
tt0000684	2	nm0813603	actor	\N	["Wilkins' Son"]
tt0000684	3	nm0311375	actor	\N	["Professor Dyem","First Couple"]
tt0000684	7	nm0043018	actor	\N	["The Butler"]
tt0000684	8	nm0331049	actor	\N	\N
tt0000684	9	nm0409390	actor	\N	["Clumsy Waiter"]
tt0000685	1	nm0813603	actor	\N	["Mr. Caufield"]
tt0000685	3	nm0424530	actor	\N	["Colonel Wilkinson"]
tt0000685	4	nm0366008	actor	\N	["George Wilkinson"]
tt0000685	8	nm0311375	actor	\N	["Bobby Wilkinson as an Adult"]
tt0000689	1	nm0813603	actor	\N	["Thief","Butler"]
tt0000689	2	nm0311375	actor	\N	["Thief"]
tt0000689	3	nm0331049	actor	\N	\N
tt0000689	4	nm0409390	actor	\N	\N
tt0000690	1	nm0409390	actor	\N	["Irving Robertson"]
tt0000690	2	nm0813603	actor	\N	["Frank Wilson"]
tt0000690	3	nm0311375	actor	\N	["Henderson - the Manager"]
tt0000690	7	nm0331049	actor	\N	\N
tt0000690	8	nm0424530	actor	\N	\N
tt0000691	1	nm0187981	actor	\N	\N
tt0000692	1	nm0742958	actor	\N	\N
tt0000692	2	nm0349492	actor	\N	\N
tt0000692	3	nm0143083	actor	\N	\N
tt0000694	10	nm0784407	actor	\N	["Indian"]
tt0000694	1	nm0409390	actor	\N	["Bill Preston"]
tt0000694	2	nm0813603	actor	\N	["Nellie's Father"]
tt0000694	4	nm0311375	actor	\N	["Indian"]
tt0000694	7	nm0424530	actor	\N	["Indian"]
tt0000694	9	nm0524306	actor	\N	\N
tt0000695	10	nm0227021	actor	\N	\N
tt0000695	1	nm0524306	actor	\N	["Jose"]
tt0000695	2	nm0424530	actor	\N	["Tom Berkeley"]
tt0000695	4	nm0409390	actor	\N	["Bill Gates"]
tt0000696	1	nm0602663	actor	\N	\N
tt0000696	2	nm0687752	actor	\N	\N
tt0000696	3	nm0697563	actor	\N	\N
tt0000696	4	nm1050849	actor	\N	\N
tt0000697	10	nm0784407	actor	\N	["Confederate Soldier","Union Soldier"]
tt0000697	1	nm0424530	actor	\N	["Jack Stanford"]
tt0000697	3	nm0311375	actor	\N	["Confederate Soldier"]
tt0000697	4	nm0409390	actor	\N	["Servant"]
tt0000697	8	nm0601698	actor	\N	\N
tt0000697	9	nm0949133	actor	\N	\N
tt0000698	2	nm0311375	actor	\N	["O'Yama's Lover"]
tt0000698	3	nm0000428	actor	\N	["Footman"]
tt0000698	4	nm0629589	actor	\N	["Grand Daimio"]
tt0000698	7	nm0784407	actor	\N	["Footman"]
tt0000698	8	nm0813603	actor	\N	["Spy"]
tt0000699	10	nm0366008	actor	\N	["Messenger"]
tt0000699	4	nm0813603	actor	\N	["Bill Wolfe"]
tt0000699	7	nm0424530	actor	\N	["Mr. Miller"]
tt0000699	8	nm0043018	actor	\N	["At Brothel"]
tt0000699	9	nm0311375	actor	\N	["The Man with the Letter","At Brothel","Wedding Guest"]
tt0000700	1	nm0000428	actor	\N	["Father"]
tt0000700	2	nm0366008	actor	\N	["Extra in Crowd"]
tt0000701	1	nm0226992	actor	\N	["Mr. Jones"]
tt0000703	1	nm0226992	actor	\N	\N
tt0000703	3	nm0000428	actor	\N	["Handy Hank"]
tt0000703	4	nm0373341	actor	\N	\N
tt0000703	7	nm0642722	actor	\N	["Extra"]
tt0000703	8	nm0813603	actor	\N	["Extra"]
tt0000706	10	nm0524306	actor	\N	\N
tt0000706	1	nm0409390	actor	\N	["Ingomar"]
tt0000706	2	nm0813603	actor	\N	["Myron"]
tt0000706	4	nm0311375	actor	\N	["Polydor - the Merchant"]
tt0000706	9	nm0424530	actor	\N	["Barbarian"]
tt0000707	1	nm0424530	actor	\N	["The Trapper"]
tt0000707	3	nm0311375	actor	\N	["The Canuck"]
tt0000707	4	nm0949133	actor	\N	\N
tt0000708	1	nm0226992	actor	\N	["Messenger"]
tt0000708	2	nm0000428	actor	\N	["Mailman"]
tt0000708	3	nm0642722	actor	\N	["Fruit Vendor"]
tt0000708	4	nm0784407	actor	\N	["Mover"]
tt0000709	1	nm0448682	actor	\N	["Julius Caesar"]
tt0000709	2	nm0790360	actor	\N	["First Citizen"]
tt0000709	3	nm0007221	actor	\N	\N
tt0000709	4	nm0710362	actor	\N	["Gaius Cassius"]
tt0000711	10	nm0813603	actor	\N	\N
tt0000711	1	nm0226992	actor	\N	["Ward Fatherly"]
tt0000711	3	nm0000428	actor	\N	["Card Sharp"]
tt0000711	4	nm0311375	actor	\N	\N
tt0000712	1	nm0813603	actor	\N	["Heinie Holtzmeyer"]
tt0000712	2	nm0000428	actor	\N	["Cannibal in Top Hat"]
tt0000712	4	nm0642722	actor	\N	["Extra in Bar"]
tt0000713	1	nm0000428	actor	\N	["Messenger"]
tt0000713	3	nm0784407	actor	\N	["Soldier"]
tt0000714	1	nm0007221	actor	\N	\N
tt0000715	1	nm0001908	actor	\N	\N
tt0000716	1	nm0226992	actor	\N	["Bandit"]
tt0000716	2	nm0227021	actor	\N	["Englishman"]
tt0000716	3	nm0642722	actor	\N	["Heinrich Spitzelperger"]
tt0000717	1	nm0710362	actor	\N	["Macbeth"]
tt0000717	3	nm0659947	actor	\N	["Macduff"]
tt0000717	4	nm0448682	actor	\N	["Banquo","King Duncan"]
tt0000717	8	nm0561489	actor	\N	\N
tt0000720	1	nm0311375	actor	\N	["Tom Wilkins"]
tt0000720	3	nm0409390	actor	\N	["False Clergyman"]
tt0000720	4	nm0813603	actor	\N	["Priest"]
tt0000721	1	nm0226992	actor	\N	["Bank Clerk"]
tt0000721	2	nm0000428	actor	\N	["Station Agent","Messenger"]
tt0000721	3	nm0311375	actor	\N	["Wells Fargo Clerk"]
tt0000721	8	nm0642722	actor	\N	["Gang Member"]
tt0000721	9	nm0784407	actor	\N	["Gang Member"]
tt0000722	2	nm0353575	actor	\N	["William Corder"]
tt0000723	10	nm0634472	actor	\N	\N
tt0000723	2	nm0163468	actor	\N	\N
tt0000723	9	nm0613214	actor	\N	\N
tt0000724	2	nm0710362	actor	\N	["Shylock"]
tt0000724	4	nm0007221	actor	\N	["Undetermined Role"]
tt0000724	8	nm0659947	actor	\N	["Undetermined Role"]
tt0000725	1	nm0226992	actor	\N	["Father"]
tt0000725	2	nm0366008	actor	\N	["Boy in Front of Store"]
tt0000727	10	nm0642722	actor	\N	["Undetermined Secondary Role"]
tt0000727	1	nm0173994	actor	\N	["Honorable Patrick McPheeney"]
tt0000727	2	nm0813603	actor	\N	["McPheeney's Aide"]
tt0000727	3	nm0226992	actor	\N	\N
tt0000727	4	nm0311375	actor	\N	["Happy Hooligan Character"]
tt0000727	8	nm0366008	actor	\N	["Young Man"]
tt0000727	9	nm0376396	actor	\N	\N
tt0000728	1	nm0409390	actor	\N	["The Miser"]
tt0000728	2	nm0813603	actor	\N	["First Villain"]
tt0000728	3	nm0311375	actor	\N	["Second Villain"]
tt0000728	4	nm0424530	actor	\N	["Bank Clerk"]
tt0000728	9	nm0784407	actor	\N	["Man on the Street"]
tt0000730	1	nm0173994	actor	\N	["Mr. Jones"]
tt0000730	3	nm0784407	actor	\N	["Butler","Policeman"]
tt0000730	4	nm0311375	actor	\N	["Man in Blackface","Guest at Ball"]
tt0000730	8	nm0409390	actor	\N	["Guest at Ball"]
tt0000730	9	nm0424530	actor	\N	["Guest at Ball"]
tt0000731	1	nm0173994	actor	\N	["Mr. Jones"]
tt0000731	9	nm0642722	actor	\N	\N
tt0000732	1	nm0000428	actor	\N	\N
tt0000733	1	nm0226992	actor	\N	["Debt Collector"]
tt0000733	2	nm0000428	actor	\N	["Doctor, Charity Worker"]
tt0000733	3	nm0784407	actor	\N	["Charity Worker"]
tt0000734	1	nm0710362	actor	\N	["Othello"]
tt0000734	3	nm0227919	actor	\N	["Iago"]
tt0000734	4	nm0659947	actor	\N	["Cassio"]
tt0000734	6	nm0012317	actor	\N	["Roderigo"]
tt0000734	7	nm0152323	actor	\N	["Soldier"]
tt0000734	8	nm0408433	actor	\N	["Soldier"]
tt0000734	9	nm0772596	actor	\N	\N
tt0000736	1	nm0226992	actor	\N	["Dick Stanley - Stage Driver"]
tt0000737	10	nm0897085	actor	\N	\N
tt0000737	2	nm0226992	actor	\N	["Son"]
tt0000737	3	nm0784407	actor	\N	["Barroom Patron"]
tt0000737	4	nm0642722	actor	\N	["Bailiff"]
tt0000737	8	nm1266490	actor	\N	\N
tt0000738	1	nm0000859	actor	\N	\N
tt0000740	10	nm0629589	actor	\N	\N
tt0000740	1	nm0311375	actor	\N	["Young Wilkinson"]
tt0000740	3	nm0409390	actor	\N	["A Creditor"]
tt0000740	4	nm0424530	actor	\N	\N
tt0000741	1	nm0424530	actor	\N	["John Holland"]
tt0000741	3	nm0813603	actor	\N	["Tom Roland"]
tt0000741	7	nm0311375	actor	\N	["Boatman"]
tt0000741	9	nm0409390	actor	\N	\N
tt0000743	1	nm0000428	actor	\N	["Lover"]
tt0000743	2	nm0226992	actor	\N	["Waiter"]
tt0000744	1	nm0366008	actor	\N	["Backstage Messenger"]
tt0000744	2	nm0642722	actor	\N	["Stage Manager"]
tt0000744	3	nm0000428	actor	\N	["Extra on Stage"]
tt0000746	1	nm0813603	actor	\N	["The Husband"]
tt0000746	3	nm0784407	actor	\N	["The Lover"]
tt0000746	4	nm0226992	actor	\N	\N
tt0000747	10	nm0642722	actor	\N	\N
tt0000747	2	nm0409390	actor	\N	["The Red Girl's Husband"]
tt0000747	8	nm0311375	actor	\N	["Indian","Man in First Bar","Man in Second Bar"]
tt0000747	9	nm0424530	actor	\N	\N
tt0000748	1	nm0409390	actor	\N	["The Sioux"]
tt0000748	2	nm0849803	actor	\N	["The Child"]
tt0000748	4	nm0311375	actor	\N	["Villain"]
tt0000748	9	nm0813603	actor	\N	["Villain"]
tt0000749	3	nm0000428	actor	\N	["Father"]
tt0000749	4	nm0910400	actor	\N	["Woodsman"]
tt0000750	10	nm0813603	actor	\N	\N
tt0000750	1	nm0710362	actor	\N	["Richard III"]
tt0000750	3	nm0007221	actor	\N	\N
tt0000750	7	nm0408436	actor	\N	\N
tt0000750	9	nm0659947	actor	\N	\N
tt0000751	1	nm0098376	actor	\N	\N
tt0000751	3	nm0502752	actor	\N	\N
tt0000751	4	nm0764346	actor	\N	\N
tt0000752	10	nm0656425	actor	\N	\N
tt0000752	2	nm0311375	actor	\N	["Soloman Bimberg"]
tt0000752	4	nm0173994	actor	\N	["Customer"]
tt0000752	7	nm0373341	actor	\N	\N
tt0000752	8	nm0409390	actor	\N	\N
tt0000752	9	nm0424530	actor	\N	["In Bookstore","Matchmaker"]
tt0000753	1	nm0226992	actor	\N	["Si Green"]
tt0000754	10	nm0448682	actor	\N	["Capulet"]
tt0000754	1	nm0659947	actor	\N	["Romeo"]
tt0000754	3	nm0012317	actor	\N	["Tybalt"]
tt0000754	8	nm0152323	actor	\N	["Montague"]
tt0000755	2	nm0617588	actor	\N	["The Chinese Opium Den Attendant"]
tt0000756	2	nm0226992	actor	\N	\N
tt0000756	3	nm0000428	actor	\N	\N
tt0000756	4	nm0642722	actor	\N	["Extra"]
tt0000756	7	nm0784407	actor	\N	["Extra"]
tt0000756	8	nm0813603	actor	\N	["Extra"]
tt0000757	2	nm0710362	actor	\N	\N
tt0000758	1	nm0221883	actor	\N	\N
tt0000758	2	nm0390479	actor	\N	["Raffles"]
tt0000758	3	nm0488932	actor	\N	["Sherlock Holmes"]
tt0000758	4	nm0526168	actor	\N	["Moriarty"]
tt0000759	1	nm0488932	actor	\N	["Sherlock Holmes"]
tt0000759	2	nm0390479	actor	\N	\N
tt0000760	1	nm0488932	actor	\N	["Sherlock Holmes"]
tt0000760	3	nm0390479	actor	\N	\N
tt0000760	4	nm1267460	actor	\N	\N
tt0000762	10	nm0656425	actor	\N	\N
tt0000762	1	nm0173994	actor	\N	["Mr. Bibbs"]
tt0000762	4	nm0311375	actor	\N	["Man in Top Hat"]
tt0000762	7	nm0366008	actor	\N	["Messenger"]
tt0000762	8	nm0424530	actor	\N	["Policeman"]
tt0000762	9	nm0629589	actor	\N	\N
tt0000763	2	nm0366008	actor	\N	["A Child"]
tt0000764	10	nm0311375	actor	\N	["In Office","Waiter"]
tt0000764	3	nm0366008	actor	\N	["Stock Boy"]
tt0000764	4	nm0784407	actor	\N	["Foreman","In Office","In Second Restaurant"]
tt0000764	9	nm0813603	actor	\N	["Employer","In Second Restaurant"]
tt0000765	10	nm0784407	actor	\N	["Man in Bar"]
tt0000765	1	nm0000428	actor	\N	["Phil Bowen"]
tt0000765	2	nm0226992	actor	\N	["Sam Lewis - Bowen's Accomplice"]
tt0000765	8	nm0311375	actor	\N	["Man in Bar","Posse Member"]
tt0000765	9	nm0642722	actor	\N	["Man in Bar"]
tt0000767	1	nm0813603	actor	\N	["Mr. Jenkins"]
tt0000767	7	nm0311375	actor	\N	["The Detective","The Mover"]
tt0000767	8	nm0173994	actor	\N	["Smithson","Man at Broker's"]
tt0000767	9	nm0409390	actor	\N	["Man at Broker's"]
tt0000768	1	nm0390479	actor	\N	\N
tt0000768	2	nm0488932	actor	\N	["The Father"]
tt0000768	3	nm0526168	actor	\N	["Priest"]
tt0000768	4	nm0647719	actor	\N	\N
tt0000768	6	nm2160063	actor	\N	\N
tt0000769	2	nm9335353	actor	\N	["The Magician's Assistant"]
tt0000769	3	nm0617588	actor	\N	["The Knight of Black Art"]
tt0000770	2	nm0424530	actor	\N	["Petruchio"]
tt0000770	4	nm0813603	actor	\N	["Katharina's Father"]
tt0000771	1	nm0311375	actor	\N	["Mexican"]
tt0000771	2	nm0226992	actor	\N	["Father"]
tt0000771	7	nm0813603	actor	\N	["Old Man"]
tt0000772	1	nm0424530	actor	\N	["Edward Ross"]
tt0000772	3	nm0813603	actor	\N	["The Butler","Foreman"]
tt0000772	4	nm0311375	actor	\N	["The Valet"]
tt0000772	8	nm0366008	actor	\N	["Man Leaving Factory"]
tt0000772	9	nm0409390	actor	\N	["Employer","Guest"]
tt0000773	1	nm0642722	actor	\N	["William Thompson"]
tt0000773	2	nm0226992	actor	\N	["John Smith"]
tt0000773	4	nm0366008	actor	\N	["Sign Changer"]
tt0000773	7	nm0784407	actor	\N	["Theatre Bouncer"]
tt0000773	8	nm0813603	actor	\N	["Theatre Patron"]
tt0000775	1	nm0719480	actor	\N	\N
tt0000775	2	nm0002001	actor	\N	\N
tt0000776	1	nm0535957	actor	\N	["Arbace"]
tt0000776	3	nm0610618	actor	\N	["Glauco"]
tt0000777	1	nm0644728	actor	\N	\N
tt0000778	1	nm0784407	actor	\N	["Reggie Van Twiller"]
tt0000778	2	nm0424530	actor	\N	["Reverend Haddock"]
tt0000778	3	nm0366008	actor	\N	["The Valet"]
tt0000778	4	nm0043018	actor	\N	["Mr. Tubbs"]
tt0000778	8	nm0311375	actor	\N	["Dinner Guest"]
tt0000778	9	nm0373341	actor	\N	\N
tt0000779	1	nm0409390	actor	\N	["Renaldo"]
tt0000779	2	nm0813603	actor	\N	["Gonzales"]
tt0000779	7	nm0262757	actor	\N	\N
tt0000779	8	nm0311375	actor	\N	["Wedding Party","Bartender"]
tt0000779	9	nm0424530	actor	\N	["Wedding Party","In Bar"]
tt0000780	1	nm0104856	actor	\N	\N
tt0000780	2	nm0390479	actor	\N	\N
tt0000780	3	nm0488932	actor	\N	\N
tt0000780	4	nm0525876	actor	\N	\N
tt0000783	2	nm0000428	actor	\N	\N
tt0000784	2	nm0000428	actor	\N	\N
tt0000784	3	nm0813603	actor	\N	["Nobleman"]
tt0000785	10	nm0366008	actor	\N	["On Boardwalk"]
tt0000785	1	nm0424530	actor	\N	["Tom Hudson"]
tt0000785	3	nm0409390	actor	\N	["The Villain"]
tt0000785	4	nm0226992	actor	\N	["Policeman"]
tt0000785	9	nm0311375	actor	\N	["At the Beach","Assaulted Man"]
tt0000787	1	nm0311375	actor	\N	["A Woodsman"]
tt0000787	2	nm0813603	actor	\N	["A Camper"]
tt0000787	7	nm0424530	actor	\N	["Man with Rifle"]
tt0000787	9	nm0587134	actor	\N	\N
tt0000788	1	nm0000428	actor	\N	["Mr. Phlipp"]
tt0000788	2	nm0642722	actor	\N	["Bridget, the Cook"]
tt0000789	10	nm1013170	actor	\N	\N
tt0000789	1	nm0409390	actor	\N	["The Zulu Chief"]
tt0000789	2	nm0311375	actor	\N	["A Zulu Warrior"]
tt0000789	3	nm0813603	actor	\N	["The Boer"]
tt0000789	8	nm0173994	actor	\N	["A Zulu Warrior"]
tt0000789	9	nm0424530	actor	\N	["A Zulu Warrior"]
tt0000791	1	nm0125509	actor	\N	\N
tt0000792	10	nm0849803	actor	\N	\N
tt0000792	2	nm0424530	actor	\N	["The Father"]
tt0000792	4	nm0587097	actor	\N	["The Lawyer"]
tt0000792	8	nm0784407	actor	\N	["The Servant"]
tt0000794	1	nm0022607	actor	\N	["Apache Leader"]
tt0000794	4	nm0878467	actor	\N	["Legation Secretary"]
tt0000794	6	nm0251436	actor	\N	["Police Officer"]
tt0000794	7	nm0776198	actor	\N	["Apache"]
tt0000797	2	nm0409390	actor	\N	["Grigo - the Suitor"]
tt0000797	3	nm0949133	actor	\N	["Giuseppe Cassella"]
tt0000797	4	nm0587097	actor	\N	["The Father"]
tt0000799	2	nm0145909	actor	\N	\N
tt0000799	4	nm0749659	actor	\N	\N
tt0000799	7	nm0897441	actor	\N	\N
tt0000800	10	nm0784407	actor	\N	["The Butler"]
tt0000800	1	nm0424530	actor	\N	["The Major"]
tt0000800	4	nm0642722	actor	\N	["The Lawyer"]
tt0000800	8	nm0601698	actor	\N	["The Major's Friend"]
tt0000800	9	nm0629589	actor	\N	["The Priest"]
tt0000801	10	nm0424530	actor	\N	["The Doctor"]
tt0000801	2	nm0601698	actor	\N	["The Son"]
tt0000801	4	nm0629589	actor	\N	["The Priest"]
tt0000801	9	nm0813603	actor	\N	["The Adoptive Father"]
tt0000803	1	nm0082349	actor	\N	\N
tt0000803	2	nm0104856	actor	\N	["Værtshusgæst"]
tt0000803	4	nm0488932	actor	\N	["Vagabond"]
tt0000803	6	nm0234670	actor	\N	["Værtshusgæst"]
tt0000803	7	nm2931813	actor	\N	["Værtshusgæst"]
tt0000803	8	nm1814364	actor	\N	["Drengen"]
tt0000805	1	nm0171586	actor	\N	\N
tt0000805	2	nm0188943	actor	\N	\N
tt0000805	3	nm0317715	actor	\N	\N
tt0000805	4	nm0557471	actor	\N	\N
tt0000805	8	nm0897388	actor	\N	\N
tt0000806	10	nm1102226	actor	\N	\N
tt0000806	1	nm0001908	actor	\N	\N
tt0000806	2	nm0639631	actor	\N	\N
tt0000806	3	nm0161366	actor	\N	\N
tt0000806	4	nm1400009	actor	\N	\N
tt0000806	5	nm0607104	actor	\N	\N
tt0000806	6	nm0607273	actor	\N	\N
tt0000806	7	nm1096012	actor	\N	["(as Shorty Cunningham)"]
tt0000806	8	nm1096199	actor	\N	\N
tt0000806	9	nm1097174	actor	\N	\N
tt0000807	10	nm0424530	actor	\N	["Puritan"]
tt0000807	3	nm0910400	actor	\N	["Oliver Sylvester"]
tt0000807	4	nm0456804	actor	\N	["Squire Calvin Cartwright"]
tt0000807	8	nm0125164	actor	\N	["The Squire's Father"]
tt0000807	9	nm0163559	actor	\N	["The Minister"]
tt0000809	1	nm0002503	actor	\N	\N
tt0000810	1	nm0001908	actor	\N	\N
tt0000813	1	nm0644728	actor	\N	\N
tt0000815	10	nm0226992	actor	\N	\N
tt0000815	1	nm0813603	actor	\N	["A Tourist"]
tt0000815	2	nm0311375	actor	\N	["A Guard"]
tt0000815	4	nm0587097	actor	\N	["The Guard's Sweetheart's Father"]
tt0000815	7	nm0409390	actor	\N	["An Unscrupulous Hindu"]
tt0000815	8	nm0424530	actor	\N	["Executioner"]
tt0000815	9	nm0173994	actor	\N	["Tourist"]
tt0000816	10	nm0910400	actor	\N	["Mexican Man"]
tt0000816	1	nm0288616	actor	\N	["George Peabody"]
tt0000816	7	nm0424530	actor	\N	["Mr. Joplin"]
tt0000816	8	nm0784407	actor	\N	["Peabody's Companion"]
tt0000817	1	nm0088881	actor	\N	["Lefebre"]
tt0000817	3	nm0488932	actor	\N	["Napoleon"]
tt0000817	4	nm0776198	actor	\N	\N
tt0000817	6	nm0937628	actor	\N	["Budbringeren"]
tt0000817	7	nm3412368	actor	\N	\N
tt0000819	10	nm0424530	actor	\N	["Policeman"]
tt0000819	1	nm0813603	actor	\N	["Henry Newman"]
tt0000819	2	nm0409390	actor	\N	["Dick Folsom"]
tt0000819	8	nm0366008	actor	\N	["The Messenger"]
tt0000819	9	nm0369058	actor	\N	["At Folsom's","Secretary"]
tt0000821	10	nm0173994	actor	\N	["Comic Cutthroat","A Member of the Court"]
tt0000821	1	nm0456804	actor	\N	["The Cardinal"]
tt0000821	3	nm0288616	actor	\N	["The Prince"]
tt0000821	7	nm0041858	actor	\N	\N
tt0000821	8	nm0043018	actor	\N	["A Member of the Court"]
tt0000823	10	nm0331049	actor	\N	\N
tt0000823	1	nm0601698	actor	\N	["Howard Norris"]
tt0000823	2	nm0456804	actor	\N	["The Farmer"]
tt0000823	3	nm0424530	actor	\N	["The Real Minister"]
tt0000823	4	nm0642722	actor	\N	["The Cafe Owner"]
tt0000823	9	nm0226992	actor	\N	["One of Howard's Companions"]
tt0000825	10	nm0288616	actor	\N	\N
tt0000825	2	nm0163559	actor	\N	\N
tt0000825	8	nm0601698	actor	\N	\N
tt0000826	2	nm0784407	actor	\N	["1st Bachelor"]
tt0000826	3	nm0704334	actor	\N	["2nd Bachelor"]
tt0000826	4	nm0185803	actor	\N	["3rd Bachelor"]
tt0000826	7	nm0642722	actor	\N	["4th Bachelor"]
tt0000826	8	nm0910400	actor	\N	["Harry - the Real Sweetheart"]
tt0000827	1	nm0456804	actor	\N	["Comata - the Sioux"]
tt0000827	3	nm0424530	actor	\N	["Bud Watkins"]
tt0000827	8	nm0163559	actor	\N	["Father","Indian Chief"]
tt0000828	10	nm0173994	actor	\N	["In Bar"]
tt0000828	2	nm0409390	actor	\N	["Jim Colt"]
tt0000828	3	nm0424530	actor	\N	["The Doctor"]
tt0000828	8	nm0043018	actor	\N	["Dinner Guest"]
tt0000829	1	nm0456804	actor	\N	["The Convict"]
tt0000829	2	nm0910400	actor	\N	["The Convict's Friend"]
tt0000829	7	nm0642722	actor	\N	["The Workman Who is Killed"]
tt0000829	8	nm0813603	actor	\N	["The Foreman"]
tt0000830	1	nm0097769	actor	\N	\N
tt0000831	1	nm0409390	actor	\N	["Galora"]
tt0000831	3	nm0311375	actor	\N	["Antonine"]
tt0000832	1	nm0288616	actor	\N	["The Wheat King"]
tt0000832	3	nm0456804	actor	\N	["The Farmer"]
tt0000833	1	nm0288616	actor	\N	["Doctor Harcourt"]
tt0000835	10	nm0587097	actor	\N	["Caleb Plummer"]
tt0000835	1	nm0601698	actor	\N	["Edward Plummer"]
tt0000836	1	nm0495051	actor	\N	["Diogo Alves"]
tt0000836	3	nm0272889	actor	\N	["Luger-tenente de Diogo Alves - Diogo's aind"]
tt0000836	4	nm0274368	actor	\N	["Bandoleiro - bandit"]
tt0000836	6	nm0851633	actor	\N	["Bandoleiro"]
tt0000836	7	nm1728086	actor	\N	["Bandoleiro"]
tt0000837	1	nm0601698	actor	\N	["The Man"]
tt0000837	3	nm0424530	actor	\N	["The Criminal Hypnotist"]
tt0000837	4	nm0587097	actor	\N	["The Robbery Victim","Party Guest"]
tt0000837	7	nm0409390	actor	\N	["The Professor","Party Guest"]
tt0000837	8	nm0311375	actor	\N	["The Professor's Assistant","A Policeman","Party Guest"]
tt0000837	9	nm0813603	actor	\N	["The Doctor"]
tt0000840	1	nm0784407	actor	\N	["Monsieur Dupont"]
tt0000840	2	nm0813603	actor	\N	["Mr. Edwards"]
tt0000841	10	nm0456804	actor	\N	["Party Guest"]
tt0000841	1	nm0424530	actor	\N	["Mr. Hilton"]
tt0000841	3	nm1013170	actor	\N	["The Old Year"]
tt0000841	7	nm0629589	actor	\N	["A Friend"]
tt0000841	9	nm0262757	actor	\N	["Party Guest"]
tt0000843	1	nm0629589	actor	\N	["The Catholic"]
tt0000843	4	nm0288616	actor	\N	["Oliver Cromwell"]
tt0000843	9	nm0456804	actor	\N	["Cromwell's Advisor"]
tt0000844	1	nm0805569	actor	\N	["Ivan the Terrible"]
tt0000844	3	nm1234552	actor	\N	["Boris Godunov"]
tt0000844	4	nm1033426	actor	\N	["Nagoy, boyar"]
tt0000845	1	nm0949133	actor	\N	["Harvey Colton"]
tt0000845	3	nm0813603	actor	\N	["Harvey's Friend"]
tt0000845	4	nm0601698	actor	\N	["The Rich Patron"]
tt0000845	7	nm0424530	actor	\N	["The Rich Patron's Secretary","Man in Top Hat"]
tt0000845	8	nm0784407	actor	\N	["The Doctor"]
tt0000845	9	nm0409390	actor	\N	["The Landlord"]
tt0000847	1	nm0316220	actor	\N	["The Groom"]
tt0000851	1	nm0424530	actor	\N	["Harry Walker"]
tt0000852	1	nm0424530	actor	\N	["John Wharton"]
tt0000852	4	nm0043018	actor	\N	["Man In the Play"]
tt0000852	7	nm0173994	actor	\N	["Man In the Orchestra","Man In the Bar"]
tt0000852	9	nm0366008	actor	\N	["Theatre Usher"]
tt0000853	1	nm0409390	actor	\N	["Hidalgo"]
tt0000853	2	nm0587097	actor	\N	["Manuella"]
tt0000853	8	nm0949133	actor	\N	["Carlos"]
tt0000854	1	nm0949133	actor	\N	["Edgar Allan Poe"]
tt0000854	3	nm0424530	actor	\N	["First Publisher"]
tt0000854	4	nm0674185	actor	\N	["Resident Poet"]
tt0000854	8	nm0587097	actor	\N	["Second Publisher"]
tt0000855	2	nm0587097	actor	\N	["Margie's Father"]
tt0000855	4	nm0424530	actor	\N	["The Minister","In Store"]
tt0000855	8	nm0642722	actor	\N	["The Butler"]
tt0000857	3	nm0601698	actor	\N	["Tom Norton"]
tt0000857	4	nm0424530	actor	\N	["Revered Joshua Wittington"]
tt0000857	8	nm0697944	actor	\N	["Bill Corker"]
tt0000857	9	nm0043018	actor	\N	["Servant"]
tt0000858	10	nm0642722	actor	\N	["Servant"]
tt0000858	1	nm0601698	actor	\N	["John Waterbury"]
tt0000858	3	nm0424530	actor	\N	["William Trevor"]
tt0000858	4	nm0262757	actor	\N	["Servant","Man in Cabin"]
tt0000858	7	nm0373341	actor	\N	["Trevor's Servant"]
tt0000858	8	nm0456804	actor	\N	\N
tt0000858	9	nm0629589	actor	\N	["Man in Cabin"]
tt0000860	1	nm0587097	actor	\N	["Francois"]
tt0000860	2	nm0456804	actor	\N	["The Doctor"]
tt0000861	1	nm0456804	actor	\N	["Silas Marner"]
tt0000861	2	nm0784407	actor	\N	["William Dane"]
tt0000861	3	nm0910400	actor	\N	["The Peasant"]
tt0000861	4	nm0642722	actor	\N	["The Nobleman"]
tt0000861	9	nm0163559	actor	\N	["The Minister"]
tt0000862	10	nm5289318	actor	\N	["Doktor"]
tt0000862	1	nm5289829	actor	\N	["Charles"]
tt0000862	3	nm0386036	actor	\N	["Fader Loriot"]
tt0000862	4	nm0511080	actor	\N	["Blegnæb"]
tt0000862	9	nm5188470	actor	\N	["Vært"]
tt0000864	10	nm0311375	actor	\N	["Party Guest"]
tt0000864	2	nm0949133	actor	\N	["Young Man"]
tt0000864	4	nm0813603	actor	\N	["Young Man's Father"]
tt0000864	9	nm0173994	actor	\N	["Party Guest"]
tt0000870	1	nm0601698	actor	\N	["The Duke"]
tt0000870	2	nm0409390	actor	\N	["The Fool"]
tt0000870	8	nm0173994	actor	\N	["At Court"]
tt0000870	9	nm0369058	actor	\N	["At Court"]
tt0000871	1	nm0456804	actor	\N	["Ben Webster"]
tt0000871	3	nm0288616	actor	\N	["Ed Hilton"]
tt0000871	4	nm0910400	actor	\N	\N
tt0000871	8	nm0064415	actor	\N	["Extra"]
tt0000873	2	nm4866513	actor	\N	["Vizier"]
tt0000874	1	nm0173994	actor	\N	["Leon Martinel"]
tt0000874	2	nm0424530	actor	\N	["Gaston Tortoni"]
tt0000874	3	nm0043018	actor	\N	["Alphonse de Signoles"]
tt0000874	9	nm0409390	actor	\N	["At Duel"]
tt0000875	1	nm0288616	actor	\N	["Jack Hudson"]
tt0000875	2	nm0601698	actor	\N	["Robert Edmonds"]
tt0000877	10	nm0173994	actor	\N	["Miner"]
tt0000877	1	nm0704334	actor	\N	["Bud"]
tt0000877	3	nm0456804	actor	\N	["Jim Blake"]
tt0000877	4	nm0041858	actor	\N	\N
tt0000877	9	nm0163559	actor	\N	["Party Guest"]
tt0000878	2	nm0642722	actor	\N	["Commodore FItzmaurice"]
tt0000878	3	nm0629589	actor	\N	["Manager of Beach House"]
tt0000878	7	nm0262757	actor	\N	["Man on Pier"]
tt0000878	8	nm0424530	actor	\N	["An Admirer"]
tt0000878	9	nm0456804	actor	\N	["An Admirer"]
tt0000880	1	nm0587097	actor	\N	["Dr. Payson"]
tt0000882	10	nm0311375	actor	\N	["Reveller"]
tt0000882	3	nm0601698	actor	\N	["The Good Samaritan"]
tt0000882	4	nm0409390	actor	\N	["The Gambler"]
tt0000883	1	nm0488932	actor	\N	["Sherlock Holmes"]
tt0000883	2	nm0390479	actor	\N	["Dr. Watson"]
tt0000883	3	nm0526168	actor	\N	["Lord Beresford"]
tt0000883	4	nm0684773	actor	\N	["Willy"]
tt0000883	8	nm0919469	actor	\N	["John"]
tt0000884	1	nm0088881	actor	\N	\N
tt0000884	3	nm0488932	actor	\N	\N
tt0000884	5	nm0526168	actor	\N	\N
tt0000884	6	nm0684773	actor	\N	\N
tt0000885	1	nm0102510	actor	\N	\N
tt0000885	2	nm0302647	actor	\N	\N
tt0000885	4	nm0347566	actor	\N	\N
tt0000885	7	nm0651029	actor	\N	\N
tt0000886	1	nm0609814	actor	\N	["Hamlet"]
tt0000888	1	nm0644728	actor	\N	\N
tt0000889	1	nm0001908	actor	\N	["Honest Steve"]
tt0000889	2	nm1399761	actor	\N	["Bad Steve"]
tt0000889	4	nm0161366	actor	\N	\N
tt0000889	6	nm0807358	actor	\N	\N
tt0000889	7	nm1400009	actor	\N	\N
tt0000889	8	nm0639631	actor	\N	\N
tt0000890	1	nm0456804	actor	\N	["Husband","Outlaw"]
tt0000890	8	nm0910400	actor	\N	["The Mexican Lover"]
tt0000890	9	nm0424530	actor	\N	["J. Woodford - Marshal","Guardian"]
tt0000891	1	nm0727622	actor	\N	["Cyklist"]
tt0000892	1	nm0173994	actor	\N	["Mr. Jones"]
tt0000892	4	nm0043018	actor	\N	["Biscuit Victim"]
tt0000892	9	nm0185803	actor	\N	\N
tt0000893	1	nm0176699	actor	\N	["Hal Benton"]
tt0000893	2	nm0311375	actor	\N	["Silver Water"]
tt0000893	8	nm0060238	actor	\N	["Mr. Mead - Veda's Father"]
tt0000894	1	nm0104856	actor	\N	\N
tt0000895	10	nm0366008	actor	\N	["Farmer"]
tt0000895	1	nm0601698	actor	\N	["Colonial Army Messenger"]
tt0000895	4	nm0125164	actor	\N	["Farmer"]
tt0000895	9	nm0163559	actor	\N	["Farmer"]
tt0000896	1	nm0813603	actor	\N	["Jack Windom"]
tt0000896	3	nm0424530	actor	\N	["Tom"]
tt0000896	4	nm0311375	actor	\N	["The Woman's Second Lover"]
tt0000896	7	nm0173994	actor	\N	["The Doctor"]
tt0000896	8	nm0366008	actor	\N	["Messenger"]
tt0000897	10	nm0424530	actor	\N	["Man in Store"]
tt0000897	2	nm0288616	actor	\N	["Jack Allen - the Older Brother"]
tt0000897	3	nm0601698	actor	\N	["Bob Allen - the Younger Brother"]
tt0000897	4	nm0587097	actor	\N	["Proprietor"]
tt0000897	9	nm0366008	actor	\N	["One of the Children on the Street"]
tt0000898	1	nm0456804	actor	\N	["Luke"]
tt0000898	2	nm0601698	actor	\N	["James"]
tt0000898	4	nm0629589	actor	\N	["Mary's Father"]
tt0000898	9	nm0262757	actor	\N	["At Wedding"]
